id;fecha;longitud;latitud;duracion;pais;pprovincia;ciudad;direccion;time_uncertainty;depth_value;magnitud;quality_associatedPhaseCount;quality_usedPhaseCount;quality_associatedStationCount;quality_usedStationCount;quality_standardError;quality_azimuthalGap;quality_maximumDistance;quality_minimumDistance;quality_medianDistance;Tiempo
1;06/01/2012 12:20:20;-79.611373999999898;-0.787564810000000;455264.000000000000000;Ecuador;;;;0.654882350000000;12.826936999999900;3.900891800000000;31.000000000000000;31.000000000000000;29.000000000000000;29.000000000000000;0.656572040000000;221.684300000000010;1.927969200000000;0.730488900000000;1.311029800000000;06/01/2012 12:20:20
2;10/01/2012 18:07:09;-80.450469999999896;-0.832821670000000;70425.000000000000000;Ecuador;Manabí;Cañitas;;0.222755630000000;4.846365000000000;4.824555900000000;64.000000000000000;58.000000000000000;57.000000000000000;54.000000000000000;1.215939900000000;87.068939000000000;40.754063000000002;0.303572270000000;2.320559000000000;10/01/2012 18:07:09
3;10/01/2012 20:54:32;-77.422020000000003;0.108969460000000;297652.000000000000000;Ecuador;Provincia de Sucumbíos;;;0.551703010000000;5.148092700000000;3.652394800000000;43.000000000000000;39.000000000000000;34.000000000000000;31.000000000000000;0.367344320000000;236.849780000000010;1.918605600000000;0.315706040000000;1.225820100000000;10/01/2012 20:54:32
4;15/01/2012 8:22:50;-77.876937999999896;-1.734161700000000;145672.000000000000000;Ecuador;Provincia de Pastaza;;;0.593361350000000;12.000000000000000;3.634722900000000;39.000000000000000;37.000000000000000;28.000000000000000;28.000000000000000;0.882292230000000;280.477199999999020;2.193793100000000;0.603687470000000;1.195613300000000;15/01/2012 8:22:50
5;07/02/2012 4:55:46;-79.498077390000006;-0.936040400000000;573280.000000000000000;Ecuador;Los Ríos;;;0.406077720000000;12.000000000000000;3.840590160000000;35.000000000000000;31.000000000000000;29.000000000000000;25.000000000000000;0.921271990000000;139.947540300000010;1.845997330000000;0.766596140000000;1.151203870000000;07/02/2012 4:55:46
6;08/02/2012 10:54:41;-79.313537999999895;0.624001920000000;948848.000000000000000;Ecuador;Provincia de Esmeraldas;;;0.648728680000000;4.841278100000000;5.748954000000000;56.000000000000000;46.000000000000000;39.000000000000000;35.000000000000000;0.408444260000000;231.109080000000010;2.454170700000000;0.827514470000000;1.553452400000000;08/02/2012 10:54:41
7;09/02/2012 8:02:20;-80.772102000000004;-1.261604700000000;370276.000000000000000;Ecuador;Manabí;;;0.882703830000000;25.756187000000001;3.984920400000000;38.000000000000000;31.000000000000000;32.000000000000000;28.000000000000000;0.417820040000000;263.998530000000020;3.159650600000000;0.320869030000000;2.396783800000000;09/02/2012 8:02:20
8;20/02/2012 12:44:47;-77.356742999999895;0.452067140000000;981010.000000000000000;Colombia;Narino;;;0.511484050000000;12.000000000000000;3.605060800000000;40.000000000000000;40.000000000000000;31.000000000000000;31.000000000000000;0.940065810000000;257.908110000000020;2.316110100000000;0.485129650000000;1.306454800000000;20/02/2012 12:44:47
9;01/03/2012 3:09:53;-78.335800000000006;-1.077383400000000;760745.000000000000000;Ecuador;Tungurahua;;;0.262303070000000;12.000000000000000;3.747364400000000;37.000000000000000;35.000000000000000;32.000000000000000;30.000000000000000;0.767281490000000;174.620290000000010;1.511133100000000;0.052517710000000;0.418328290000000;01/03/2012 3:09:53
10;07/03/2012 2:59:29;-78.343261999999896;-1.090696100000000;574973.000000000000000;Ecuador;Tungurahua;;;0.239835860000000;14.000000000000000;3.631486100000000;42.000000000000000;35.000000000000000;36.000000000000000;29.000000000000000;0.424758890000000;173.688390000000000;1.209719400000000;0.253144890000000;0.424501750000000;07/03/2012 2:59:29
11;28/03/2012 16:47:29;-79.241401670000002;-1.267310020000000;258515.000000000000000;Ecuador;Los Ríos;;;0.344046280000000;9.479240420000000;3.826982100000000;42.000000000000000;34.000000000000000;33.000000000000000;26.000000000000000;0.358741070000000;94.342277530000004;1.323647380000000;0.331368740000000;0.946617960000000;28/03/2012 16:47:29
12;29/03/2012 11:04:03;-79.812522999999899;-0.718815450000000;613406.000000000000000;Ecuador;Manabí Province;;;0.623877420000000;42.330399000000000;3.674282800000000;36.000000000000000;36.000000000000000;32.000000000000000;32.000000000000000;0.388350130000000;243.348970000000010;2.089515700000000;0.645787360000000;1.528431200000000;29/03/2012 11:04:03
13;01/04/2012 15:41:19;-78.278914999999898;-0.939403120000000;926611.000000000000000;Ecuador;Provincia de Napo;;;0.238332330000000;14.000000000000000;4.028013700000000;51.000000000000000;45.000000000000000;38.000000000000000;32.000000000000000;0.817550480000000;178.655149999999000;1.237804800000000;0.274260640000000;0.461868850000000;01/04/2012 15:41:19
14;18/04/2012 18:34:18;-79.804893000000007;-0.446750700000000;229478.000000000000000;Ecuador;Manabí;Flavio Alfaro;;0.903642820000000;24.612856000000001;3.523561600000000;39.000000000000000;38.000000000000000;28.000000000000000;28.000000000000000;0.645692710000000;271.817690000000030;1.920428600000000;1.110096000000000;1.585356400000000;18/04/2012 18:34:18
15;30/04/2012 17:22:34;-77.757598999999900;-1.994246500000000;783270.000000000000000;Ecuador;Provincia de Morona Santiago;;;0.504793320000000;12.000000000000000;4.639433000000000;46.000000000000000;45.000000000000000;31.000000000000000;30.000000000000000;0.693449700000000;292.155790000000020;2.776112600000000;0.833870830000000;1.480052700000000;30/04/2012 17:22:34
16;13/05/2012 14:28:21;-78.287796000000000;-1.096222500000000;436880.000000000000000;Ecuador;Provincia de Napo;;;0.327035390000000;12.000000000000000;3.661171100000000;33.000000000000000;31.000000000000000;23.000000000000000;21.000000000000000;0.599583550000000;188.883630000000010;1.392775400000000;0.103991910000000;0.452973570000000;13/05/2012 14:28:21
17;14/05/2012 21:39:45;-79.363861080000007;-0.953039290000000;75774.000000000000000;Ecuador;Los Ríos;Valencia;;0.538786110000000;92.230361939999895;3.690450530000000;44.000000000000000;40.000000000000000;32.000000000000000;32.000000000000000;0.601383440000000;101.572647100000000;2.004644630000000;0.158811880000000;1.010221960000000;14/05/2012 21:39:45
18;20/05/2012 8:47:07;-77.525527999999895;-0.245534450000000;646686.000000000000000;Ecuador;Provincia de Napo;;;0.469335380000000;12.000000000000000;4.183222500000000;38.000000000000000;36.000000000000000;27.000000000000000;26.000000000000000;0.544886130000000;227.601460000000000;1.564592700000000;0.561299200000000;1.022497300000000;20/05/2012 8:47:07
20;08/06/2012 20:22:02;-78.155991000000000;-2.707688300000000;574207.000000000000000;Ecuador;Provincia de Morona Santiago;;;0.622834960000000;12.000000000000000;4.492491600000000;43.000000000000000;36.000000000000000;35.000000000000000;30.000000000000000;1.222744800000000;278.865189999999020;2.940403700000000;1.063138500000000;2.047866100000000;08/06/2012 20:22:02
21;18/06/2012 13:34:46;-78.815833999999896;-1.065160600000000;359507.000000000000000;Ecuador;Provincia de Cotopaxi;;;0.157492710000000;5.149350600000000;5.119671900000000;63.000000000000000;61.000000000000000;51.000000000000000;51.000000000000000;0.444808390000000;44.533478000000002;1.902356900000000;0.348688270000000;0.589041350000000;18/06/2012 13:34:46
22;22/06/2012 3:22:14;-78.694855000000004;0.578917920000000;349550.000000000000000;Ecuador;Esmeraldas Province;;;0.382664850000000;12.000000000000000;3.764433600000000;46.000000000000000;37.000000000000000;38.000000000000000;29.000000000000000;0.852491830000000;178.221180000000000;1.322358700000000;0.396525440000000;0.965752840000000;22/06/2012 3:22:14
23;03/07/2012 6:13:41;-78.726944000000003;-0.556488810000000;125540.000000000000000;Ecuador;Pichincha;;;0.292832420000000;7.494871100000000;3.705834800000000;42.000000000000000;34.000000000000000;38.000000000000000;33.000000000000000;0.453600800000000;125.403340000000000;1.390918100000000;0.164398860000000;0.505653680000000;03/07/2012 6:13:41
24;03/07/2012 21:58:40;-80.642653999999894;-0.918261110000000;878536.000000000000000;Ecuador;Manabí;Manta;;1.001860900000000;13.442285999999900;4.035108600000000;40.000000000000000;40.000000000000000;36.000000000000000;36.000000000000000;1.400204200000000;266.767110000000000;2.878470400000000;1.158540200000000;2.238507000000000;03/07/2012 21:58:40
25;07/07/2012 10:08:46;-78.253517000000002;-2.250222700000000;286115.000000000000000;Ecuador;Provincia de Morona Santiago;;;0.567745550000000;12.000000000000000;3.638507200000000;40.000000000000000;36.000000000000000;30.000000000000000;29.000000000000000;1.038244200000000;255.122060000000000;1.743709000000000;0.623132230000000;1.571219600000000;07/07/2012 10:08:46
26;10/07/2012 15:21:15;-79.899512999999899;-2.322444400000000;884757.000000000000000;Ecuador;Guayas;;;0.518234270000000;49.433613000000001;4.515685800000000;53.000000000000000;52.000000000000000;42.000000000000000;42.000000000000000;0.548022980000000;260.771090000000020;3.201107300000000;0.369756130000000;1.966330900000000;10/07/2012 15:21:15
27;15/07/2012 6:51:23;-77.929848000000007;-1.704626000000000;341469.000000000000000;Ecuador;Provincia de Morona Santiago;Palora;;0.417883040000000;178.580610000000010;3.956244900000000;73.000000000000000;72.000000000000000;54.000000000000000;54.000000000000000;0.772181750000000;230.249840000000010;2.904730600000000;0.230460350000000;1.199739800000000;15/07/2012 6:51:23
28;22/07/2012 1:27:46;-77.680701999999897;-1.616833200000000;367560.000000000000000;Ecuador;Provincia de Pastaza;;;0.522823230000000;12.000000000000000;3.630528600000000;45.000000000000000;42.000000000000000;31.000000000000000;28.000000000000000;0.814838180000000;252.746569999999000;1.784889600000000;0.364527580000000;1.174510400000000;22/07/2012 1:27:46
29;24/07/2012 1:33:00;-77.551056000000003;-0.335792030000000;862150.000000000000000;Ecuador;Provincia de Napo;;;0.352779690000000;12.000000000000000;4.028659700000000;57.000000000000000;53.000000000000000;44.000000000000000;40.000000000000000;0.712310220000000;209.761920000000000;1.768158300000000;0.276999800000000;1.044370700000000;24/07/2012 1:33:00
30;30/07/2012 5:19:44;-80.777000000000001;-1.944610200000000;115016.000000000000000;Ecuador;Provincia de Santa Elena;;;0.597180320000000;10.000000000000000;5.330571600000000;55.000000000000000;52.000000000000000;49.000000000000000;46.000000000000000;1.318909900000000;253.605240000000010;3.638346400000000;0.831873480000000;2.547552600000000;30/07/2012 5:19:44
31;09/08/2012 10:52:00;-77.404808000000003;-1.929222000000000;576789.000000000000000;Ecuador;Pastaza Province;;;0.567971560000000;12.000000000000000;4.323413600000000;47.000000000000000;42.000000000000000;41.000000000000000;36.000000000000000;0.770460140000000;269.986310000000000;2.501006400000000;0.746243360000000;1.307920900000000;09/08/2012 10:52:00
32;13/08/2012 4:49:07;-80.527290339999894;-1.372823240000000;505007.000000000000000;Ecuador;Manabí;;;0.963843010000000;12.000000000000000;4.376704880000000;43.000000000000000;39.000000000000000;41.000000000000000;37.000000000000000;0.616408480000000;245.684721000000000;3.010751720000000;1.142945890000000;2.166274310000000;13/08/2012 4:49:07
33;13/08/2012 6:02:45;-80.253631589999898;0.115398470000000;320985.000000000000000;Ecuador;;;;0.627322360000000;10.000000000000000;4.102075330000000;45.000000000000000;41.000000000000000;40.000000000000000;36.000000000000000;0.860430580000000;257.136993399999030;2.689185380000000;0.383328590000000;1.973410490000000;13/08/2012 6:02:45
34;17/08/2012 1:24:10;-79.570777890000002;0.221557690000000;706212.000000000000000;Ecuador;Provincia de Esmeraldas;;;0.547960950000000;2.156043530000000;3.808894940000000;32.000000000000000;29.000000000000000;30.000000000000000;27.000000000000000;0.627570010000000;208.007591200000010;1.572213410000000;0.352268730000000;1.332655190000000;17/08/2012 1:24:10
35;24/08/2012 16:08:29;-80.810615540000001;-0.508958580000000;208556.000000000000000;Ecuador;;;;0.751503870000000;7.000000000000000;4.714552530000000;55.000000000000000;45.000000000000000;50.000000000000000;41.000000000000000;0.947118790000000;257.007392900000010;2.607710600000000;0.435651660000000;2.403146270000000;24/08/2012 16:08:29
36;01/09/2012 9:42:14;-77.330596920000005;-1.489151360000000;673465.000000000000000;Ecuador;Pastaza Province;;;0.741685440000000;9.591137890000001;3.529566910000000;34.000000000000000;34.000000000000000;26.000000000000000;26.000000000000000;0.498641960000000;297.562225300000020;1.438304420000000;0.665174130000000;1.138093470000000;01/09/2012 9:42:14
37;02/09/2012 19:41:45;-79.664077759999898;-1.228160620000000;412180.000000000000000;Ecuador;Los Ríos;Jauneche;;0.334313640000000;68.462860109999895;3.959909510000000;57.000000000000000;56.000000000000000;49.000000000000000;49.000000000000000;0.680839580000000;85.612884519999895;2.394604450000000;0.248366730000000;1.295105340000000;02/09/2012 19:41:45
38;04/09/2012 18:13:03;-77.447174070000003;0.410795360000000;495493.000000000000000;Ecuador;Provincia de Sucumbíos;;;0.508906430000000;12.000000000000000;3.562711090000000;36.000000000000000;36.000000000000000;29.000000000000000;29.000000000000000;0.768469410000000;231.738388100000010;2.078837870000000;0.452826410000000;1.313726430000000;04/09/2012 18:13:03
39;17/01/2013 13:12:41;-80.834602360000005;-1.110897060000000;202676.000000000000000;Ecuador;Manabí;Santa Rosa;;0.621240610000000;10.000000000000000;4.767403750000000;39.000000000000000;32.000000000000000;28.000000000000000;25.000000000000000;1.014057340000000;275.269023899999010;3.130173210000000;1.479387880000000;2.451190230000000;17/01/2013 13:12:41
40;21/01/2013 11:10:18;-81.127365110000000;-1.571440100000000;228231.000000000000000;Ecuador;;;;0.733627830000000;10.000000000000000;3.570970720000000;25.000000000000000;13.000000000000000;18.000000000000000;10.000000000000000;0.982945160000000;234.824756600000000;3.334896800000000;0.625730690000000;2.704427240000000;21/01/2013 11:10:18
41;06/02/2013 8:04:41;-77.335952759999898;0.644666550000000;737137.000000000000000;Colombia;Narino;;;0.407643790000000;10.000000000000000;4.209001180000000;83.000000000000000;67.000000000000000;50.000000000000000;42.000000000000000;0.803129220000000;269.831710800000000;2.420242070000000;0.407291950000000;1.686417700000000;06/02/2013 8:04:41
42;11/02/2013 10:23:39;-78.977882390000005;-2.377996920000000;805757.000000000000000;Ecuador;Provincia de Chimborazo;;;0.412646480000000;91.267494200000002;3.523527000000000;57.000000000000000;54.000000000000000;41.000000000000000;40.000000000000000;1.058226960000000;168.691982300000010;2.889340160000000;0.292662980000000;1.383619430000000;11/02/2013 10:23:39
43;12/02/2013 4:03:27;-77.356430050000000;-1.823296310000000;515408.000000000000000;Ecuador;Pastaza Province;;;0.488638750000000;12.000000000000000;3.643192150000000;49.000000000000000;46.000000000000000;34.000000000000000;32.000000000000000;0.665569440000000;293.880401600000030;2.292846200000000;0.744397100000000;1.544274810000000;12/02/2013 4:03:27
44;09/03/2013 0:55:19;-81.062873839999895;-2.387939450000000;45849.000000000000000;Ecuador;;Salinas;;0.744266330000000;10.194797520000000;3.987551400000000;26.000000000000000;22.000000000000000;23.000000000000000;19.000000000000000;1.115361780000000;228.986259499998990;3.504681830000000;0.212711510000000;3.121346470000000;09/03/2013 0:55:19
45;11/03/2013 17:10:28;-80.302734380000004;-2.272764920000000;152341.000000000000000;Ecuador;Provincia de Santa Elena;;;0.480551130000000;13.185034750000000;3.633183390000000;24.000000000000000;22.000000000000000;20.000000000000000;19.000000000000000;0.557630980000000;106.571563700000000;2.752650980000000;0.412401710000000;2.111819980000000;11/03/2013 17:10:28
46;10/04/2013 0:52:46;-79.811203000000006;-2.212116960000000;800211.000000000000000;Ecuador;Guayas;Delia;;0.146376350000000;79.000000000000000;4.928086350000000;112.000000000000000;106.000000000000000;85.000000000000000;83.000000000000000;1.555491930000000;47.135406490000001;22.879478450000001;0.210510090000000;2.080846070000000;10/04/2013 0:52:46
47;10/04/2013 10:21:04;-79.922027589999900;-2.290897370000000;315427.000000000000000;Ecuador;Guayas;Guayaquil;;0.284013160000000;29.626705170000001;3.699449540000000;59.000000000000000;53.000000000000000;46.000000000000000;42.000000000000000;0.663481780000000;76.351409910000001;3.182123180000000;0.236893240000000;1.967398520000000;10/04/2013 10:21:04
49;07/05/2013 20:23:47;-79.825820919999899;-2.344406840000000;296519.000000000000000;Ecuador;Guayas;;;0.328062900000000;44.605773929999899;3.974677650000000;30.000000000000000;29.000000000000000;27.000000000000000;26.000000000000000;1.092720460000000;81.619483950000003;3.178937430000000;0.313028990000000;2.168281080000000;07/05/2013 20:23:47
50;08/05/2013 8:03:53;-77.303291320000000;-0.545471070000000;837507.000000000000000;Ecuador;Provincia de Orellana;;;0.853943180000000;25.000000000000000;3.672745660000000;44.000000000000000;35.000000000000000;41.000000000000000;33.000000000000000;1.286060800000000;219.553909299998990;1.681524400000000;0.539903280000000;1.185911770000000;08/05/2013 8:03:53
51;12/05/2013 13:14:31;-77.967247009999895;-3.467065810000000;92516.000000000000000;Peru;;;;0.945215300000000;30.638130189999899;4.799115360000000;33.000000000000000;33.000000000000000;28.000000000000000;28.000000000000000;1.320694980000000;168.685584100000000;8.538604740000000;1.605126140000000;2.825823550000000;12/05/2013 13:14:31
52;14/05/2013 6:10:26;-80.304580689999895;-2.113434550000000;270572.000000000000000;Ecuador;Provincia de Santa Elena;;;0.311275050000000;18.003051760000002;3.942047130000000;40.000000000000000;35.000000000000000;36.000000000000000;31.000000000000000;0.709148270000000;136.407852200000010;2.783089640000000;0.357412870000000;2.009688620000000;14/05/2013 6:10:26
53;29/05/2013 5:46:30;-79.156372070000003;0.668304200000000;725975.000000000000000;Ecuador;Esmeraldas Province;;;0.407731750000000;5.000000000000000;4.012133080000000;64.000000000000000;59.000000000000000;55.000000000000000;50.000000000000000;0.814056830000000;220.999519300000000;2.279072520000000;0.549554470000000;1.472087140000000;29/05/2013 5:46:30
54;12/06/2013 19:58:14;-79.008598329999899;-1.409733060000000;298655.000000000000000;Ecuador;Provincia de Bolívar;Salinas;;0.311781960000000;100.181274400000010;4.628170340000000;77.000000000000000;76.000000000000000;68.000000000000000;67.000000000000000;0.528663200000000;56.880950929999898;2.830660580000000;0.394714360000000;1.174464110000000;12/06/2013 19:58:14
55;13/06/2013 18:08:37;-77.914779659999894;-3.002777340000000;263438.000000000000000;Ecuador;Morona-Santiago Province;;;0.461416580000000;35.000000000000000;4.794245890000000;73.000000000000000;33.000000000000000;49.000000000000000;24.000000000000000;1.023777950000000;210.529839000000010;2.548484090000000;1.443179130000000;2.321208720000000;13/06/2013 18:08:37
56;15/06/2013 14:43:32;-79.756324770000006;-2.323993680000000;432945.000000000000000;Ecuador;Guayas;;;0.288672360000000;50.148571009999898;3.991683700000000;46.000000000000000;46.000000000000000;36.000000000000000;36.000000000000000;1.055329140000000;55.852584839999899;3.127404210000000;0.243526370000000;1.605013850000000;15/06/2013 14:43:32
57;20/06/2013 8:49:22;-80.086219790000001;-3.706870320000000;247746.000000000000000;Ecuador;El Oro;;;0.703687680000000;22.378662110000000;3.593248150000000;14.000000000000000;14.000000000000000;9.000000000000000;9.000000000000000;0.983873630000000;177.707260100000010;2.721307040000000;0.671438280000000;1.484467150000000;20/06/2013 8:49:22
58;01/07/2013 6:01:29;-80.631675720000004;-0.819499550000000;602817.000000000000000;Ecuador;;;;0.546851870000000;20.427436830000001;4.308837570000000;61.000000000000000;53.000000000000000;59.000000000000000;51.000000000000000;0.679246950000000;190.438718800000000;3.093906640000000;0.475611210000000;2.256236790000000;01/07/2013 6:01:29
59;05/07/2013 18:04:46;-77.689285280000007;-1.137278800000000;28712.000000000000000;Ecuador;Provincia de Napo;;;0.486458310000000;8.259832380000001;3.749175460000000;54.000000000000000;54.000000000000000;44.000000000000000;44.000000000000000;0.628906140000000;223.838714600000000;2.049080130000000;0.177887440000000;0.868845400000000;05/07/2013 18:04:46
60;08/07/2013 0:17:34;-80.002273560000006;0.337617900000000;748576.000000000000000;Ecuador;Manabí;;;0.441522620000000;10.000000000000000;3.944117410000000;45.000000000000000;41.000000000000000;42.000000000000000;39.000000000000000;0.785364560000000;145.690612800000000;2.568494560000000;0.441835220000000;1.871911530000000;08/07/2013 0:17:34
61;12/07/2013 12:37:07;-79.845314029999898;-3.693847900000000;791422.000000000000000;Ecuador;El Oro;;;0.363984480000000;10.000000000000000;4.131507570000000;26.000000000000000;19.000000000000000;19.000000000000000;13.000000000000000;1.398071760000000;145.363616900000010;2.667920110000000;0.680133520000000;2.568724390000000;12/07/2013 12:37:07
62;27/07/2013 21:42:40;-79.015830989999898;-3.638842580000000;736423.000000000000000;Ecuador;Provincia de Zamora Chinchipe;28 de mayo;;0.728352590000000;107.529403700000000;3.588113720000000;19.000000000000000;15.000000000000000;12.000000000000000;8.000000000000000;0.921889430000000;170.494749100000010;2.269362930000000;0.389315780000000;1.189649940000000;27/07/2013 21:42:40
63;02/08/2013 21:29:00;-80.060569760000007;-1.967055080000000;221761.000000000000000;Ecuador;Guayas;;;0.288972720000000;42.127185820000001;4.208764580000000;66.000000000000000;58.000000000000000;52.000000000000000;47.000000000000000;0.781144060000000;64.000790600000002;2.994371180000000;0.139023010000000;1.902196170000000;02/08/2013 21:29:00
64;25/08/2013 20:42:07;-80.596817020000003;-2.293073650000000;224793.000000000000000;Ecuador;Provincia de Santa Elena;;;0.209549300000000;10.181716920000000;4.018585970000000;47.000000000000000;41.000000000000000;41.000000000000000;37.000000000000000;0.953210790000000;108.142227199999000;3.583391190000000;0.254313050000000;2.313058620000000;25/08/2013 20:42:07
65;28/08/2013 17:45:34;-79.050949099999897;-2.520862100000000;380396.000000000000000;Ecuador;Provincia de Cañar;;;0.346113070000000;65.964859009999898;3.660546610000000;42.000000000000000;38.000000000000000;38.000000000000000;34.000000000000000;0.563521700000000;150.655830400000010;2.784840820000000;0.213311060000000;1.264410140000000;28/08/2013 17:45:34
66;17/09/2013 23:03:53;-77.176628109999896;-2.485685590000000;567806.000000000000000;Ecuador;Morona-Santiago Province;;;0.638144480000000;24.000000000000000;4.888028360000000;31.000000000000000;31.000000000000000;24.000000000000000;24.000000000000000;0.960979280000000;242.518691999998990;3.165579560000000;1.299168350000000;1.665746810000000;17/09/2013 23:03:53
67;18/09/2013 11:51:49;-80.646141049999898;-0.665057300000000;268963.000000000000000;Ecuador;;;;0.504471250000000;20.000000000000000;4.389036890000000;29.000000000000000;28.000000000000000;25.000000000000000;24.000000000000000;0.971049200000000;200.197879800000010;2.479563950000000;0.286501650000000;2.205385450000000;18/09/2013 11:51:49
68;24/09/2013 18:33:39;-80.683036799999897;-1.486983660000000;342168.000000000000000;Ecuador;Manabí;;;0.323833080000000;10.000000000000000;3.786517650000000;22.000000000000000;14.000000000000000;20.000000000000000;12.000000000000000;1.155742930000000;112.015445700000000;3.090187790000000;0.449700120000000;2.341926580000000;24/09/2013 18:33:39
69;03/10/2013 7:59:58;-77.933036799999897;0.783255220000000;404179.000000000000000;Ecuador;Provincia de Carchi;;;0.172258090000000;5.000000000000000;4.078512380000000;45.000000000000000;45.000000000000000;40.000000000000000;40.000000000000000;0.524103390000000;137.705434800000010;1.509225130000000;0.160627010000000;0.681157050000000;03/10/2013 7:59:58
70;06/10/2013 17:58:10;-79.849708559999897;-1.639815090000000;966728.000000000000000;Ecuador;Los Ríos;Vínces;;0.387689220000000;25.819446559999900;4.171365130000000;52.000000000000000;46.000000000000000;46.000000000000000;40.000000000000000;0.861456060000000;68.672149660000002;2.608119970000000;0.424171450000000;1.669192080000000;06/10/2013 17:58:10
71;11/10/2013 17:39:56;-80.388725280000003;-1.741335030000000;622195.000000000000000;Ecuador;Manabí;;;0.194608570000000;4.589213370000000;4.617444910000000;62.000000000000000;60.000000000000000;56.000000000000000;54.000000000000000;0.901970160000000;71.091857910000002;3.341275450000000;0.536042690000000;2.114369390000000;11/10/2013 17:39:56
72;15/10/2013 3:00:27;-77.532905580000005;-1.459874270000000;796531.000000000000000;Ecuador;Pastaza Province;;;0.509299350000000;217.135360700000010;3.520979920000000;47.000000000000000;45.000000000000000;38.000000000000000;37.000000000000000;0.862664940000000;206.091724400000000;3.545099260000000;0.462776040000000;1.184324140000000;15/10/2013 3:00:27
73;16/10/2013 10:24:44;-77.935249330000005;0.803042050000000;499099.000000000000000;Ecuador;Provincia de Carchi;;;0.371087040000000;1.585340860000000;4.639914600000000;46.000000000000000;39.000000000000000;37.000000000000000;33.000000000000000;0.677263150000000;158.395286599999000;1.802110310000000;0.041575380000000;0.961043360000000;16/10/2013 10:24:44
74;31/10/2013 6:05:08;-78.758018489999898;-0.711545530000000;934495.000000000000000;Ecuador;Provincia de Cotopaxi;;;0.224051330000000;5.700671200000000;3.895701070000000;63.000000000000000;57.000000000000000;59.000000000000000;53.000000000000000;0.615358000000000;132.495635999999000;1.718718410000000;0.251333030000000;0.785000380000000;31/10/2013 6:05:08
75;09/11/2013 17:29:11;-78.585289000000003;-3.372650150000000;340813.000000000000000;Ecuador;Provincia de Morona Santiago;;;0.428701600000000;4.000000000000000;3.523481020000000;10.000000000000000;10.000000000000000;7.000000000000000;7.000000000000000;0.846518280000000;178.332757899999000;1.930635930000000;0.237692310000000;1.582499860000000;09/11/2013 17:29:11
76;20/11/2013 2:11:50;-80.477485659999900;-1.508683920000000;422105.000000000000000;Ecuador;Manabí;;;0.270052360000000;4.121909140000000;3.505690090000000;22.000000000000000;21.000000000000000;21.000000000000000;20.000000000000000;0.627017090000000;117.119934099999000;3.044690370000000;0.644249800000000;2.068434480000000;20/11/2013 2:11:50
77;21/11/2013 3:41:05;-77.478515619999897;-0.060480050000000;37189.000000000000000;Ecuador;Provincia de Sucumbíos;;;0.239987850000000;6.740820880000000;3.551014340000000;47.000000000000000;44.000000000000000;38.000000000000000;36.000000000000000;0.453483160000000;125.017478900000000;1.727547530000000;0.147125810000000;0.937790040000000;21/11/2013 3:41:05
78;25/11/2013 19:42:58;-80.286880490000001;-3.278932570000000;22676.000000000000000;Ecuador;;;;0.428898490000000;39.000000000000000;5.203705400000000;55.000000000000000;54.000000000000000;53.000000000000000;52.000000000000000;0.657759660000000;168.363220200000000;9.300637249999991;0.636232500000000;3.207901480000000;25/11/2013 19:42:58
79;30/11/2013 16:38:53;-77.236854550000004;-2.677686690000000;226240.000000000000000;Ecuador;Morona-Santiago Province;;;1.559512830000000;21.727745060000000;5.162259060000000;44.000000000000000;40.000000000000000;41.000000000000000;37.000000000000000;0.462740690000000;186.131607100000000;9.258023260000000;1.293129800000000;2.583724980000000;30/11/2013 16:38:53
80;30/11/2013 19:31:06;-77.575469970000000;-1.786150810000000;698887.000000000000000;Ecuador;Pastaza Province;;;0.813798930000000;6.382854460000000;3.632328930000000;24.000000000000000;24.000000000000000;21.000000000000000;21.000000000000000;0.485327330000000;215.633850099998990;1.700484280000000;0.524443980000000;1.086029410000000;30/11/2013 19:31:06
81;16/12/2013 0:44:49;-77.474739069999899;-2.187219860000000;59546.000000000000000;Ecuador;Morona-Santiago Province;;;0.515696720000000;10.000000000000000;3.566940710000000;30.000000000000000;27.000000000000000;23.000000000000000;21.000000000000000;0.746126530000000;230.786743199998990;2.103521820000000;0.906161070000000;1.445393440000000;16/12/2013 0:44:49
85;02/11/2013 20:02:02;-77.870330809999899;-1.311379310000000;607496.000000000000000;Ecuador;Provincia de Pastaza;;;0.774467280000000;178.624984700000000;3.795399490000000;45.000000000000000;44.000000000000000;44.000000000000000;43.000000000000000;0.756342790000000;178.115919100000010;3.750796560000000;0.201400290000000;1.230646370000000;02/11/2013 20:02:02
86;16/11/2013 7:42:01;-77.198646550000007;-0.186646630000000;947047.000000000000000;Ecuador;Orellana Province;;;0.508203030000000;5.000000000000000;3.817040090000000;44.000000000000000;40.000000000000000;34.000000000000000;31.000000000000000;0.506546970000000;239.095519999999000;1.830114130000000;0.341572820000000;1.286568640000000;16/11/2013 7:42:01
87;17/12/2013 11:56:15;-77.722885129999895;-2.564780950000000;578632.000000000000000;Ecuador;Morona-Santiago Province;;;0.782341610000000;5.756125450000000;3.610819570000000;30.000000000000000;24.000000000000000;18.000000000000000;18.000000000000000;0.362045280000000;245.214614899998990;2.115748410000000;0.824669600000000;1.636235480000000;17/12/2013 11:56:15
88;30/01/2013 8:08:12;-80.233863830000004;-0.412024410000000;746025.000000000000000;Ecuador;Manabí;;;0.532868500000000;10.000000000000000;3.626632550000000;40.000000000000000;38.000000000000000;32.000000000000000;31.000000000000000;0.991582500000000;242.467407200000000;2.297683480000000;1.535592080000000;1.844861750000000;30/01/2013 8:08:12
90;05/03/2013 22:59:20;-79.850715640000004;-0.790692090000000;139105.000000000000000;Ecuador;Manabí;;;0.419565220000000;48.340442660000001;3.746607560000000;60.000000000000000;50.000000000000000;49.000000000000000;42.000000000000000;0.422742540000000;146.687430900000010;2.048146490000000;0.717788280000000;1.531945350000000;05/03/2013 22:59:20
91;26/03/2013 2:58:56;-77.290618899999899;-2.144974230000000;574769.000000000000000;Ecuador;Pastaza Province;;;0.467029470000000;12.000000000000000;4.011984530000000;59.000000000000000;52.000000000000000;48.000000000000000;41.000000000000000;0.906924960000000;269.898467999999010;2.346328740000000;0.972674610000000;1.496229170000000;26/03/2013 2:58:56
92;30/03/2013 10:34:50;-79.535926820000000;-0.741115030000000;323010.000000000000000;Ecuador;Los Ríos;;;0.302664390000000;21.397947309999900;3.752824740000000;60.000000000000000;60.000000000000000;56.000000000000000;56.000000000000000;0.844579540000000;72.699798580000007;3.628560540000000;0.308153090000000;1.276712300000000;30/03/2013 10:34:50
93;05/04/2013 2:37:47;-81.014099119999898;-0.966466610000000;643011.000000000000000;Ecuador;;;;0.544853750000000;7.000000000000000;3.652082500000000;50.000000000000000;39.000000000000000;43.000000000000000;32.000000000000000;1.324954700000000;230.342701000000010;2.828505750000000;1.063241840000000;2.565697430000000;05/04/2013 2:37:47
94;05/04/2013 7:22:56;-80.899467470000005;-1.026646260000000;14360.000000000000000;Ecuador;Manabí;;;0.513486790000000;10.000000000000000;4.062528020000000;60.000000000000000;49.000000000000000;53.000000000000000;42.000000000000000;1.242921780000000;217.964240999998990;3.149849890000000;0.444770660000000;2.465176340000000;05/04/2013 7:22:56
95;14/04/2013 6:16:26;-80.076820369999894;-1.947827580000000;659600.000000000000000;Ecuador;Guayas;;;0.637186290000000;59.034187320000001;3.927614340000000;43.000000000000000;42.000000000000000;41.000000000000000;40.000000000000000;0.782175270000000;192.129196200000000;3.052973750000000;0.163699090000000;2.074135300000000;14/04/2013 6:16:26
96;23/04/2013 11:39:09;-80.027801510000003;-2.262535100000000;409998.000000000000000;Ecuador;Guayas;;;0.305044910000000;28.195096970000002;3.968909040000000;50.000000000000000;50.000000000000000;45.000000000000000;45.000000000000000;0.881107580000000;73.262847899999898;3.215202090000000;0.220348210000000;2.034377100000000;23/04/2013 11:39:09
97;24/05/2013 5:42:04;-78.307624820000001;-1.692482000000000;100554.000000000000000;Ecuador;Morona-Santiago Province;;;0.311509450000000;3.581773280000000;4.973441440000000;82.000000000000000;63.000000000000000;66.000000000000000;47.000000000000000;0.504779230000000;176.020942700000010;1.780698060000000;0.221710430000000;0.966965440000000;24/05/2013 5:42:04
98;28/05/2013 14:33:39;-80.488609310000001;-1.490411280000000;380012.000000000000000;Ecuador;Manabí;;;0.339762320000000;10.000000000000000;3.857106320000000;46.000000000000000;36.000000000000000;40.000000000000000;30.000000000000000;0.639350110000000;193.529022199998990;2.775398730000000;0.775646980000000;2.145145420000000;28/05/2013 14:33:39
99;10/07/2013 3:12:35;-77.985466000000002;-3.021643640000000;926264.000000000000000;Ecuador;Morona-Santiago Province;;;0.538812220000000;10.000000000000000;3.595151610000000;35.000000000000000;32.000000000000000;28.000000000000000;28.000000000000000;0.857339830000000;206.996041300000000;2.561323170000000;1.385162710000000;2.164234640000000;10/07/2013 3:12:35
100;19/07/2013 15:03:25;-79.806571959999900;-2.400366070000000;21149.000000000000000;Ecuador;Guayas;;;0.257224580000000;40.549793240000000;4.426161250000000;55.000000000000000;51.000000000000000;49.000000000000000;47.000000000000000;0.814962650000000;108.175319500000000;3.530843970000000;0.329676870000000;2.136527060000000;19/07/2013 15:03:25
101;22/07/2013 21:37:11;-80.910957339999896;-1.634492280000000;126324.000000000000000;Ecuador;Manabí;;;0.543628980000000;10.000000000000000;3.979633420000000;26.000000000000000;20.000000000000000;24.000000000000000;18.000000000000000;0.953372370000000;207.903888700000010;3.195064310000000;0.553958360000000;2.607019660000000;22/07/2013 21:37:11
102;22/08/2013 2:09:16;-77.779220580000000;-2.643116000000000;435926.000000000000000;Ecuador;Morona-Santiago Province;;;0.512327870000000;10.000000000000000;3.559596380000000;35.000000000000000;32.000000000000000;29.000000000000000;27.000000000000000;0.991177260000000;212.399002099999000;2.592296840000000;1.185124750000000;1.487161400000000;22/08/2013 2:09:16
103;28/08/2013 17:00:57;-79.605224609999894;0.750507060000000;106945.000000000000000;Ecuador;Provincia de Esmeraldas;;;0.328261930000000;5.007398600000000;3.672536940000000;22.000000000000000;21.000000000000000;17.000000000000000;16.000000000000000;0.592168050000000;145.695533799999000;1.872147560000000;0.249102260000000;1.319290520000000;28/08/2013 17:00:57
104;04/09/2013 3:08:48;-79.479988100000000;-2.305667640000000;910650.000000000000000;Ecuador;Guayas;;;0.257152590000000;36.408287049999899;3.676281070000000;43.000000000000000;42.000000000000000;38.000000000000000;37.000000000000000;0.896230130000000;72.723461150000006;3.239005800000000;0.273599590000000;1.918350820000000;04/09/2013 3:08:48
105;14/09/2013 17:00:08;-79.074630740000003;-2.228831290000000;981613.000000000000000;Ecuador;Provincia de Chimborazo;;;0.396193090000000;84.809944150000007;4.529483680000000;54.000000000000000;51.000000000000000;49.000000000000000;46.000000000000000;0.576573900000000;126.443355600000000;2.923664810000000;0.298156230000000;1.685548900000000;14/09/2013 17:00:08
106;07/10/2013 16:41:56;-79.860298159999900;-1.660341860000000;652303.000000000000000;Ecuador;Guayas;;;0.538570900000000;27.975784300000001;3.538647600000000;39.000000000000000;33.000000000000000;35.000000000000000;29.000000000000000;0.824281430000000;67.942016600000002;2.630730150000000;0.401870280000000;1.579885960000000;07/10/2013 16:41:56
108;20/01/2013 6:56:25;-80.884185790000004;-2.496056560000000;303108.000000000000000;Ecuador;Provincia de Santa Elena;El Real;;0.416615820000000;10.000000000000000;3.619180330000000;45.000000000000000;34.000000000000000;29.000000000000000;25.000000000000000;1.009972370000000;187.312667800000010;3.924589400000000;0.254374000000000;3.074599270000000;20/01/2013 6:56:25
109;03/03/2013 6:39:44;-80.709938050000005;-0.960140290000000;808007.000000000000000;Ecuador;Manabí;Manta;;0.688788790000000;10.948515889999900;3.593519630000000;42.000000000000000;34.000000000000000;39.000000000000000;32.000000000000000;0.884761570000000;213.697311399998990;2.909022090000000;0.273629340000000;2.326136590000000;03/03/2013 6:39:44
110;05/04/2013 2:19:23;-80.940757750000003;-0.992903650000000;68480.000000000000000;Ecuador;Manabí;;;0.642651100000000;7.000000000000000;4.537896320000000;62.000000000000000;47.000000000000000;58.000000000000000;44.000000000000000;0.952193390000000;223.042347000000010;3.576130870000000;0.489571090000000;2.522342680000000;05/04/2013 2:19:23
111;18/04/2013 5:10:32;-78.718269350000000;0.719827180000000;182159.000000000000000;Ecuador;Esmeraldas Province;;;0.368045030000000;4.000000000000000;3.776062920000000;63.000000000000000;57.000000000000000;53.000000000000000;49.000000000000000;0.934462280000000;174.310737600000010;5.204254150000000;0.454763080000000;0.996521530000000;18/04/2013 5:10:32
112;27/04/2013 11:18:40;-79.309112549999895;-3.099118470000000;607593.000000000000000;Ecuador;Azuay;San Fernando;;0.461604850000000;37.377811430000001;4.174480700000000;54.000000000000000;53.000000000000000;48.000000000000000;48.000000000000000;1.043475900000000;147.915721899999000;4.083778860000000;0.630918440000000;2.438777210000000;27/04/2013 11:18:40
113;29/04/2013 2:32:50;-78.880798339999899;-3.350787400000000;275816.000000000000000;Ecuador;Provincia de Morona Santiago;;;0.337350740000000;80.309646610000001;5.177327640000000;70.000000000000000;69.000000000000000;63.000000000000000;63.000000000000000;0.760758510000000;141.521516800000000;8.815371510000000;0.955901270000000;2.636271480000000;29/04/2013 2:32:50
114;17/06/2013 16:00:44;-80.758651729999897;-1.262639050000000;725796.000000000000000;Ecuador;Manabí;Manantiales;;0.589098100000000;13.619524960000000;4.360268400000000;39.000000000000000;29.000000000000000;33.000000000000000;26.000000000000000;0.967977110000000;205.565647100000010;3.019862650000000;0.361642000000000;2.336855170000000;17/06/2013 16:00:44
115;18/06/2013 6:43:06;-79.102577210000007;-3.859445570000000;277444.000000000000000;Ecuador;;;;0.393310220000000;77.509780879999894;4.531360150000000;66.000000000000000;61.000000000000000;52.000000000000000;50.000000000000000;0.694714160000000;157.357135800000010;4.681880470000000;0.157034650000000;2.618319510000000;18/06/2013 6:43:06
116;19/06/2013 3:10:33;-78.854522709999898;-2.700438740000000;42828.000000000000000;Ecuador;Provincia de Cañar;GUAPÁN;;0.330302690000000;66.992637630000004;3.736100980000000;51.000000000000000;49.000000000000000;41.000000000000000;40.000000000000000;0.851237490000000;152.549503300000000;3.174910780000000;0.464940610000000;1.612493160000000;19/06/2013 3:10:33
117;24/06/2013 11:52:04;-79.982131960000004;-3.588179590000000;548609.000000000000000;Ecuador;El Oro;;;0.375477310000000;10.885810850000000;3.892308470000000;29.000000000000000;28.000000000000000;21.000000000000000;21.000000000000000;0.888454500000000;146.119552599999000;3.306905030000000;0.776831330000000;1.523962620000000;24/06/2013 11:52:04
118;09/07/2013 2:59:35;-77.788185119999895;-2.371925120000000;730460.000000000000000;Ecuador;Morona-Santiago Province;;;0.642477850000000;12.000000000000000;3.638482270000000;34.000000000000000;29.000000000000000;27.000000000000000;25.000000000000000;0.884012270000000;266.846923800000010;1.945974830000000;0.919524850000000;1.368376970000000;09/07/2013 2:59:35
119;21/07/2013 9:43:59;-78.249351500000003;-1.246572370000000;356460.000000000000000;Ecuador;Tungurahua;;;0.259010060000000;2.563283920000000;3.528211650000000;60.000000000000000;44.000000000000000;43.000000000000000;33.000000000000000;0.273202310000000;154.201877599998990;1.575600390000000;0.231145070000000;0.586586000000000;21/07/2013 9:43:59
120;11/08/2013 22:50:04;-80.542160030000005;-1.707520490000000;126329.000000000000000;Ecuador;Manabí;;;0.212379760000000;10.000000000000000;3.646609630000000;52.000000000000000;43.000000000000000;46.000000000000000;39.000000000000000;0.974221210000000;86.447372439999896;2.658585550000000;0.612504600000000;2.148622990000000;11/08/2013 22:50:04
121;30/08/2013 17:47:45;-79.945396419999895;-3.753658300000000;331695.000000000000000;Ecuador;El Oro;;;0.405567480000000;10.000000000000000;4.026014860000000;25.000000000000000;16.000000000000000;21.000000000000000;14.000000000000000;0.795763350000000;159.405075100000000;3.813610790000000;0.612024490000000;2.678135160000000;30/08/2013 17:47:45
122;10/09/2013 22:48:44;-79.770927430000000;-2.464001660000000;58082.000000000000000;Ecuador;Guayas;;;0.402959170000000;37.048553470000002;3.572060360000000;28.000000000000000;20.000000000000000;22.000000000000000;15.000000000000000;0.466206120000000;117.412948599999000;2.464523080000000;0.445293220000000;1.642829660000000;10/09/2013 22:48:44
123;16/10/2013 8:42:15;-79.846305849999894;-2.713044880000000;315966.000000000000000;Ecuador;;;;0.276904270000000;10.000000000000000;3.755419560000000;46.000000000000000;39.000000000000000;40.000000000000000;35.000000000000000;1.207179850000000;115.336669900000000;3.511193040000000;0.496420320000000;2.201837780000000;16/10/2013 8:42:15
124;18/10/2013 3:16:56;-79.816291809999896;-2.711375950000000;695905.000000000000000;Ecuador;Guayas;;;0.232824400000000;4.666931630000000;4.181764520000000;41.000000000000000;39.000000000000000;35.000000000000000;33.000000000000000;0.952838850000000;113.623046900000010;3.496223450000000;0.525878310000000;1.891772390000000;18/10/2013 3:16:56
126;28/11/2013 6:21:03;-77.669578549999898;-3.563113450000000;255387.000000000000000;Peru;Amazonas;;;1.220815670000000;27.155635830000001;3.542170700000000;20.000000000000000;19.000000000000000;16.000000000000000;15.000000000000000;0.391033130000000;242.876678500000000;2.979874370000000;0.920110760000000;2.200707910000000;28/11/2013 6:21:03
128;14/12/2013 4:28:51;-78.622261050000006;-2.427973750000000;82746.000000000000000;Ecuador;Provincia de Cañar;;;0.416524350000000;91.559547420000001;3.564291980000000;38.000000000000000;35.000000000000000;32.000000000000000;31.000000000000000;0.445409170000000;136.153308900000010;2.870798110000000;0.450418000000000;1.750234130000000;14/12/2013 4:28:51
129;15/12/2013 19:20:42;-79.966369630000003;-3.363479850000000;739685.000000000000000;Ecuador;El Oro;;;0.481495200000000;10.813400270000001;3.815403700000000;27.000000000000000;25.000000000000000;23.000000000000000;21.000000000000000;0.636606170000000;167.578933699999000;4.145625110000000;0.808389960000000;2.394426820000000;15/12/2013 19:20:42
130;20/12/2013 10:37:37;-77.553230290000002;-2.949821230000000;596353.000000000000000;Peru;Loreto;;;0.546966440000000;10.000000000000000;3.892310430000000;26.000000000000000;25.000000000000000;20.000000000000000;19.000000000000000;0.868936880000000;234.023315400000000;2.529453040000000;0.961591180000000;1.768801930000000;20/12/2013 10:37:37
131;27/08/2013 12:22:27;-80.431381230000000;-1.758216620000000;903505.000000000000000;Ecuador;Manabí;;;0.268950860000000;10.000000000000000;3.609122470000000;35.000000000000000;27.000000000000000;29.000000000000000;22.000000000000000;0.957108290000000;91.924076080000006;2.602466820000000;0.562358500000000;2.006394390000000;27/08/2013 12:22:27
132;06/09/2013 16:24:48;-80.131912229999898;-2.095660450000000;655107.000000000000000;Ecuador;Guayas;;;0.488392640000000;45.005760189999897;4.471594990000000;50.000000000000000;46.000000000000000;48.000000000000000;45.000000000000000;0.780793560000000;169.094158200000010;3.571385140000000;0.184627380000000;2.209246630000000;06/09/2013 16:24:48
133;23/09/2013 7:55:52;-78.109176640000001;-1.748154760000000;848872.000000000000000;Ecuador;Provincia de Morona Santiago;Palora;;0.592181220000000;146.315826399999000;4.369059530000000;45.000000000000000;45.000000000000000;44.000000000000000;44.000000000000000;0.689520440000000;175.719343200000000;3.262649060000000;0.298597040000000;1.245243790000000;23/09/2013 7:55:52
135;16/10/2013 7:00:16;-79.831504820000006;-2.666835070000000;863518.000000000000000;Ecuador;;;;0.263406900000000;10.000000000000000;3.643896120000000;49.000000000000000;44.000000000000000;43.000000000000000;40.000000000000000;1.083988110000000;108.975799600000000;3.492125270000000;0.506632510000000;2.345842360000000;16/10/2013 7:00:16
136;27/10/2013 11:04:58;-79.321922299999898;-0.920883540000000;641765.000000000000000;Ecuador;Los Ríos;;;0.670250880000000;89.568992609999896;3.615701750000000;35.000000000000000;35.000000000000000;29.000000000000000;29.000000000000000;0.764691720000000;168.956834800000000;1.987221840000000;0.696074310000000;1.059008960000000;27/10/2013 11:04:58
137;06/11/2013 20:34:06;-81.018012999999897;-0.972132920000000;746280.000000000000000;Ecuador;;;;0.599874930000000;10.000000000000000;4.235691230000000;27.000000000000000;23.000000000000000;23.000000000000000;19.000000000000000;0.532375350000000;235.570495599998990;3.216924190000000;1.206349370000000;2.624519350000000;06/11/2013 20:34:06
138;08/11/2013 10:17:37;-79.803802489999896;-2.121089460000000;956024.000000000000000;Ecuador;Guayas;;;0.420416220000000;62.691024779999900;3.540669530000000;30.000000000000000;28.000000000000000;25.000000000000000;24.000000000000000;0.661074000000000;89.223667140000003;2.976583480000000;0.162096550000000;1.926513550000000;08/11/2013 10:17:37
139;05/12/2013 19:42:49;-79.847488400000003;-2.240331410000000;988808.000000000000000;Ecuador;Guayas;;;0.364051250000000;43.739341740000000;4.552654630000000;38.000000000000000;37.000000000000000;38.000000000000000;37.000000000000000;0.744466160000000;64.108734130000002;3.100543740000000;0.212161330000000;2.126061200000000;05/12/2013 19:42:49
140;12/05/2013 19:06:40;-77.992599490000003;-3.504746910000000;255985.000000000000000;Peru;;;;0.598195950000000;30.000000000000000;3.683156130000000;22.000000000000000;19.000000000000000;16.000000000000000;14.000000000000000;1.400955680000000;237.967461600000010;2.992650270000000;1.565203430000000;2.500958680000000;12/05/2013 19:06:40
141;14/05/2013 13:16:35;-77.992408749999896;-1.509377000000000;50587.000000000000000;Ecuador;Provincia de Pastaza;Puyo;;0.482139750000000;179.309219399998990;3.957041790000000;61.000000000000000;61.000000000000000;57.000000000000000;57.000000000000000;0.840250700000000;174.923711800000010;3.451305150000000;0.036328360000000;1.078880070000000;14/05/2013 13:16:35
142;16/05/2013 5:58:53;-79.716743469999898;-3.684811590000000;933291.000000000000000;Ecuador;El Oro;Piñas;;0.273590770000000;12.000000000000000;3.708004290000000;38.000000000000000;30.000000000000000;27.000000000000000;23.000000000000000;1.459385190000000;129.662750200000000;3.287340160000000;0.639462470000000;2.561560870000000;16/05/2013 5:58:53
143;17/05/2013 7:46:57;-78.723770139999900;-1.746022110000000;597638.000000000000000;Ecuador;Provincia de Chimborazo;;;0.203856200000000;5.000000000000000;4.025427870000000;67.000000000000000;67.000000000000000;56.000000000000000;56.000000000000000;0.961265810000000;134.992279099999000;2.881372450000000;0.094504420000000;1.110052350000000;17/05/2013 7:46:57
144;13/06/2013 20:40:08;-77.774353030000000;-2.432406660000000;974434.000000000000000;Ecuador;Morona-Santiago Province;;;0.377660510000000;113.305290200000000;4.004245920000000;58.000000000000000;57.000000000000000;46.000000000000000;45.000000000000000;0.807760900000000;199.518619500000000;3.258560180000000;0.981171910000000;1.876385810000000;13/06/2013 20:40:08
145;23/06/2013 20:14:11;-77.982093809999895;-2.783858060000000;10570.000000000000000;Ecuador;Morona-Santiago Province;;;0.487359300000000;10.000000000000000;3.770261060000000;36.000000000000000;32.000000000000000;30.000000000000000;28.000000000000000;1.004548620000000;203.433315800000000;2.369019990000000;1.305083160000000;1.786727430000000;23/06/2013 20:14:11
146;11/07/2013 23:08:13;-79.126007079999894;-2.358809230000000;465333.000000000000000;Ecuador;Provincia de Cañar;;;0.214462740000000;10.000000000000000;4.251800060000000;69.000000000000000;48.000000000000000;56.000000000000000;38.000000000000000;1.254607980000000;130.492252299999000;2.127958300000000;0.169092520000000;1.488667970000000;11/07/2013 23:08:13
147;02/08/2013 9:11:31;-80.236892699999899;-2.102070330000000;69542.000000000000000;Ecuador;Provincia de Santa Elena;Simón Bolívar;;0.238929690000000;39.779952999999900;3.645299490000000;50.000000000000000;46.000000000000000;40.000000000000000;37.000000000000000;1.067577690000000;76.882154459999896;3.208169220000000;0.288834630000000;1.942194220000000;02/08/2013 9:11:31
148;11/08/2013 12:54:36;-79.945884699999894;-3.620500330000000;368160.000000000000000;Ecuador;El Oro;;;0.574855680000000;29.241147990000002;3.757504100000000;30.000000000000000;26.000000000000000;22.000000000000000;19.000000000000000;0.939323430000000;153.636093100000010;3.740368840000000;0.744280870000000;2.123120780000000;11/08/2013 12:54:36
149;20/02/2013 3:17:26;-79.912658690000001;-0.510208070000000;162863.000000000000000;Ecuador;Manabí;;;0.375378120000000;44.639770509999899;3.706240940000000;57.000000000000000;55.000000000000000;45.000000000000000;44.000000000000000;0.751346920000000;164.727825200000010;2.165850880000000;0.456564640000000;1.703464510000000;20/02/2013 3:17:26
150;23/02/2013 13:17:52;-79.376152039999894;-2.809643980000000;828135.000000000000000;Ecuador;Azuay;;;0.480551320000000;12.000000000000000;3.928863680000000;52.000000000000000;40.000000000000000;44.000000000000000;34.000000000000000;1.728198030000000;233.954284699998990;2.743651390000000;0.361284610000000;1.801219340000000;23/02/2013 13:17:52
151;24/02/2013 8:59:59;-78.966888429999898;0.971872750000000;95832.000000000000000;Ecuador;Provincia de Esmeraldas;;;0.422635960000000;12.000000000000000;4.682261280000000;70.000000000000000;61.000000000000000;56.000000000000000;48.000000000000000;1.080722750000000;241.138000500000000;2.623306270000000;0.725787640000000;1.677576660000000;24/02/2013 8:59:59
152;27/02/2013 15:56:09;-79.042533870000000;-3.554908280000000;26098.000000000000000;Ecuador;Azuay;;;0.336379150000000;112.066322300000000;5.128049340000000;75.000000000000000;64.000000000000000;66.000000000000000;55.000000000000000;1.784139180000000;138.728473700000000;8.656925200000000;0.521017070000000;2.565174820000000;27/02/2013 15:56:09
153;15/03/2013 12:04:26;-81.144691469999898;-1.461010100000000;462476.000000000000000;Ecuador;;;;1.126728110000000;10.000000000000000;4.494247230000000;57.000000000000000;38.000000000000000;54.000000000000000;36.000000000000000;0.533575610000000;236.835929900000000;3.289568190000000;0.736596760000000;2.781566620000000;15/03/2013 12:04:26
